Model,Accuracy,F1-Score
Random Forest,0.9914211536290778,0.9914211580014792
Voting Ensemble,0.9908003160627611,0.9908003034908595
Stacking Ensemble,0.9931143469917598,0.9931143512030708
